author:;stream:;highlight; videocategory;createdAt; title;tag_idols;tag_teams;tag_texts;content
1;1_6f83yrvb;true;2;16/01/2013;Messi y sus amigos del fútbol;154, 11, 192, 112, 139, 171, 176, 177, 201, 109;;;Al finalizar uno de los partidos de los amigos de Messi, todas las figuras del fútbol mundial van a saludar al crack argentino. Una muestra del reconocimiento y la idolatría de las estrellas, hacia el mejor jugador del mundo.
1;1_7mnvirym;true;2;16/01/2013;El vestuario de los amigos de Messi;154, 11, 192, 112, 139, 171, 176, 177, 201, 109;;;Mientras los mejores futbolistas del mundo se cambian en el vestuario para disputar la Batalla de las Estrellas, Ariel Burrito Ortega le pide un autógrafo al mismísimo Leo Messi. Toda la intimidad de las figuras, en la previa del partido a beneficio entre los amigos de Messi y el resto del Mundo.
1;1_271e5zb6;true;2;16/01/2013;El ómnibus de los amigos de Messi -eng-;154, 11, 192, 112, 139, 171, 176, 177, 201, 109, 190, 61, 239, 181, 149, 157, 73, 132, 90, 208, 85, 228, 168, 169, 223, 50, 128, 119, 150, 261, 265;;amigos de messi, miami, batalla de las estrellas;
1;1_alhr63cf;true;2;16/01/2013;El famoso jarrón de Cóppola;21;;guillermo cóppola;Guillermo Cóppola, reconocido por haber sido el representante de Maradona, muestra el famoso jarrón por el que se lo vinculó hace varios años con una causa de narcotráfico. Ya aclarado el incidente, Guillote lo recuerda con gracia mientras conversa con Coco Basile y otros amigos.
1;1_e1j95jj2;true;4;16/01/2013;Trailer Clubes -eng-;;237, 60,123,143,81,124,136,140;fénix, ;Conocer los clubes desde adentro para recorrer sus rincones llenos de historia. Sus estadios, campos de entrenamiento y vestuarios,  donde héroes se transformaron en leyendas. Museos, vitrinas y las mejores anécdotas de los colores de tu pasión.
1;1_6q8xlupw;true;4;14/01/2013;El Museo del Sporting, un grande de Portugal Parte 1;282, 199;143;joao moutinho, ricardo quaresma, estadio josé alvalade, lisboa, portugal, mario casquilho, ;Un recorrido por el museo del Sporting de Lisboa con el testimonio de Mario Casquilho, fundador de la mítica galería. Toda la historia de uno de los clubes más importantes de Portugal, donde surgieron estrellas como Luis Figo y Cristiano Ronaldo.
1;1_k6e4c598;true;4;14/01/2013;El Museo del Sporting, un grande de Portugal Parte 2;282, 199, 2;143, 13;joao moutinho, ricardo quaresma, estadio josé alvalade, lisboa, portugal, mario casquilho;Mario Casquilho, fundador del museo del Sporting, repasa parte de la historia del club desde su fundación en 1906. Todos sus estadios, los 5 mil trofeos de sus vitrinas y los deportistas más reconocidos de los Leones de Lisboa.
1;1_jfeix05u;true;4;10/01/2013;Porto y su estadio do Dragão;113, 205, 283;140;estadio do dragão, portugal, oporto;El estadio do Dragão y todas sus instalaciones. En una recorrida por la cancha del Porto, te mostramos los lugares por donde pasan los ídolos de los Dragones. Sus vestuarios, tribunas, campos de entrenamiento y mucho más.
1;1_orpqd3we;true;4;10/01/2013;Pasión Cerrista Parte 1;;237;morita, don aníbal rodas oddone, cerrista, julio dos santos, centenario, ccp, pasión cerrista, 100 años, paraguay, oscar franco;Las historias de Morita -empleado del club-, Julio Dos Santos -jugador- y Oscar Franco -directivo-.
1;1_b0q32sgq;true;4;10/01/2013;Pasión Cerrista Parte 2;218;237;juan josé zapag, cerrista, centenario, 100 años, ccp, pasión cerrista, 100 años, paraguay, fundación cerro porteño, ciclón, la mitad más 1, ;El fanatismo por Cerro Porteño según Santiago Salcedo -jugador- y Juan José Zapag -presidente del club-. El proyecto cerrista en su año centenario y toda la pasión de la mitad más uno del Paraguay.
1;1_lbkkpysy;true;4;10/01/2013;Pasión Cerrista Parte 3;218;237;arturo rubin, errista, centenario, 100 años, ccp, pasión cerrista, 100 años, paraguay, fundación cerro porteño, ciclón, la mitad más 1, periodista deportivo;Cerro Porteño -Paraguay- y el gran sentimiento de sus hinchas. El pueblo cerrista según Santiago Salcedo -padre del jugador- y Arturo Rubin -periodista deportivo-.
1;1_v3ndnncf;true;4;10/01/2013;Las inferiores del Milan, un grande del Calcio;;136;filippo galli, mendoza, italia, calcio, nicolás clavería, inferiores;El Milan, uno de los equipos más importantes del mundo, muestra toda la preparación de sus juveniles. Su centro de entrenamiento y su metodología, en el testimonio de Filippo Galli -Responsable de Inferiores-. Además, el chico argentino Nicolás Clavería cuenta como es jugar en la cantera del Rossonero y revela su sueño.
1;1_dyqfxyet;true;4;10/01/2013;La Roma, un club de elite Parte 1;284, 130, 104, 120;124;antonio tempestilli, italia, calcio, walter sabatini;Una recorrida por la Roma, uno de los clubes más importantes de Italia. Antonio Tempestilli -Director de Prensa- muestra los campos de entrenamiento, vestuarios y principales instalaciones. Además, el Director Deportivo Walter Sabatini explica la importancia de los jugadores sudamericanos.
1;1_fda0nu04;true;4;10/01/2013;La Roma, un club de elite Parte 2;22, 220;124;antonio tempestilli, italia, calcio, guido combar;Antonio Tempestilli, Director de Prensa de la Roma, repasa algunos títulos del equipo mientras comparte su historia como jugador. La visita por el club continúa por la sala de conferencias, las habitaciones y el restaurante. Un tour bien completo para conocer desde adentro al equipo de la capital italiana.
1;1_r8kj3u4e;true;4;14/01/2013;La Roma, un club de elite Parte 3;22, 220, 104, 130, 143, 177;19, 124;antonio tempestilli, italia, calcio, guido combar, alberto de rossi, simone perrotta, simon kjær;"Salvatore Scaglia -Manager de la Roma- destaca la trascendencia del futbolista argentino; mientras que Alberto De Rossi -Entrenador de Reserva- habla de su hijo Daniele, figura del equipo romano. A su vez, el testimonio de Erik Lamela y todo que significa Francesco Totti como ídolo y símbolo del club."
1;1_vyhga5sc;true;4;10/01/2013;La Casa Blanca, el estadio del Real Madrid;286, 104, 120, 123, 201, 50, 282, 290, 291;60;santiago bernabéu, la casa blanca, jorge valdano, madrid, españa, ;Una visita al Santiago Bernabéu, el estadio del Real Madrid. Toda la gloriosa historia del Merengue en un paseo por su museo. El recuerdo de sus ídolos y grandes momentos, reflejados en camisetas memorables y vitrinas repletas de trofeos.
1;1_4ov1xvfi;true;4;10/01/2013;La Bombonera, la cancha de Boca;143;1;la bombonera, cabj, pasión boquense, la 12;Toda la pasión xeneize en el estadio Alberto J. Armando, la mítica cancha de Boca. Sus tribunas, plateas y el palco de Diego Maradona. La historia de porqué se la apodó La Bombonera y mucho más.
1;1_8rzkrdmo;true;4;10/01/2013;Hotel Boca, Parte 1;23, 200, 143, 240, 180, 20;1;design suites, hotel, pablo marchese, hotel boca, chef, cabj, nahuel pomponio, hijos nuestros, fans;El Hotel Boca y toda la pasión xeneize en sus instalaciones. Pablo Marchese -Gerente de Operaciones- explica el objetivo del complejo y aporta detalles de sus comodidades. Las habitaciones, bar y restaurante donde los fans pueden alojarse junto a sus ídolos. Nahuel Pomponio, chef del hotel, cuenta sobre la gastronomía que ofrecen y la comida de los jugadores.
1;1_indcv5td;true;4;10/01/2013;Hotel Boca, Parte 2;200, 91, 226, 180, 292, 230,202, 175;1;teté coustarot, daniel angelici, roberto leto, mercedez funes, hotel boca, hotel, cabj, la mitad más uno, fans;"En la presentación a la prensa del Hotel Boca, varios personajes xeneizes dan su opinión sobre el emprendimiento. Teté Coustarot -periodista y conductora- cuenta la experiencia de ser madrina del hotel; y Roberto Leto -periodista partidario- expresa la importancia del complejo. Además, el testimonio de Daniel Angelici, Julio César Falcioni y el Flaco Schiavi."
1;1_1szit38i;true;4;10/01/2013;Fénix, un club de Primera Parte 1;;;Estadio Carlos Barraza, Fénix, Oscar Santángelo, Pilar, Leonel Perro Vargas, Luis Martín Sútero, Utilero, El abuelo de Fénix, Atlas, Primera C.;¿Qué se siente ser parte de Fénix? Oscar Santángelo, entrenador del equipo de Pilar, detalla su experiencia en el club. La palabra de Leonel Perro Vargas y Luis Martín Sutero -jugadores- en la previa del ascenso a la Primera C.
1;1_f0czzpgv;true;4;10/01/2013;Fénix, un club de Primera Parte 2;;;Estadio Carlos Barraza, Fénix, Roberto Carlos Garrele, Pilar, Mario Francisco Ramírez Hernández, El abuelo de Fénix, Atlas, Primera C, César Mansilla.;"Pertenecer al club Fénix en un momento histórico. El triunfo sobre Atlas en la previa del ascenso a la Primera C; y el testimonio de la gente que trabaja hace tiempo el equipo de Pilar."
1;1_z59gswel;true;4;10/01/2013;El Lecce, un humilde del sur de Italia, Parte 1;293, 61, 98, 239;;Lecce, Calcio, Javier Chevantón, Uruguay, Selección Uruguaya, Paolo Montero,Italia;El uruguayo Guillermo Giacomazzi cuenta sobre su trayectoria en el Lecce después de tantos años en el club. Cómo es el fútbol en Italia y las diferencias de mentalidad deportiva entre los jugadores sudamericanos y los europeos. Sus orígenes en el Calcio y las ganas del volante de regresar a Uruguay.
1;1_fbtjqx4w;true;4;10/01/2013;El Lecce, un humilde del sur de Italia, Parte 2;155, 143, 294, 295, 296;16.123.136.129;Lecce, Calcio, Piacenza, Livorno, Uruguay, Racismo, Carlos Osti, Italia, Caseros,;Martín Migliónico -actualmente en Racing- explica las diferencias entre los hinchas italianos según la región geográfica a la que pertenecen. Además, relata su experiencia en distintos clubes luego de 10 años en el Calcio. Carlos Osti -Director Deportivo del Lecce- cuenta como ha cambiado el fútbol de Italia y detalla su predilección por el jugador argentino.
1;1_4k8u2g1g;true;4;03/01/2013;Calcio italiano, pasión futbolera;285,284,130,257,266,157,10,22,293,297,155;123.124.136;Calcio, Italia, Lecce, Filippo Galli, Carlo Osti, Silvano Martina, Tifosis, Michele Criscitiello, Roberto Scarpini, Fans, Clubes, ;"El Calcio y toda la pasión de sus protagonistas. Jugadores, dirigentes, periodistas y fans; opinan sobre la tradición del fútbol italiano y destacan su gran sentimiento. La comparación entre los tifosis del norte y sur, similitudes con los hinchas argentinos; y la rivalidad entre Milan e Inter."
1;1_k9qqcyvs;true;6;15/01/2013;Ácumen, centro de entrenamiento físico y mental de alto rendimiento Parte 1;82;;Ácumen, Fernando Fossatti, Entrenamiento, Alto rendimiento, Mauro Giallombardo, Automovilismo, TC, TC 2000, Top Race, Preparación Física;Fernando Fossatti, director del centro de entrenamiento físico/mental Ácumen, detalla el objetivo y los métodos de trabajo del complejo. La agilización y el desarrollo de los sentidos, para alcanzar un mayor rendimiento en situaciones límites del deporte. Nicolás Domingo entrenando -ex jugador de River- y el testimonio de Mauro Giallombardo -automovilista-.
1;1_n44fns7y;true;6;15/01/2013;Ácumen, centro de entrenamiento físico y mental de alto rendimiento Parte 2;93;;Sandra Rossi, Gastón Bergner, Ácumen, Fernando Fossatti, Alto rendimiento, Entrenamiento, Preparación Física ;La aplicación de entrenamientos específicos para deportistas de alto rendimientos, pensados para mejorar la concentración y la toma de decisiones. La Gata Fernández entrenando y la experiencia de Nicolás Domingo en Ácumen.
1;1_8rz9dxzf;true;6;15/01/2013;André Santos en la previa de la Batalla de las Estrellas;223, 201, 81, 50;102, 184, 182;Colombia, Bogotá, Fenerbahçe;André Santos, jugador de Gremio, expresa su felicidad de poder formar parte de la Batalla de las Estrellas y compartir un partido con tantos grandes jugadores. Además, el brasilero cuenta sus sensaciones sobre el buen clima que se vive y también sobre el cariño que le brindan los hinchas.
1;1_irb1ukx1;true;6;15/01/2013;Chicho Serna, ídolo de Boca y Atlético Nacional;230.118;1, 198;Colombia, Selección Colombia, Bogotá, Chacarita, Talleres de Cba., Medellín, ;Chicho Serna recuerda su paso por el fútbol argentino destacando su exitosa etapa en Boca. Su actividad como representante tras su retiro como jugador, sus emprendimientos en Colombia y su deseo de ser técnico en un futuro cercano. A su vez, el ídolo xeneize habla sobre su relación con los fans y también sobre su fanatismo por Atlético Nacional.
1;1_a0j6af8j;true;6;15/01/2013;Chilavert, la vida del N°1 Parte 1;63;8, 236, 244;Chilavert, Paraguay, Selección Paraguaya, Paraguay, Dino Zoff, Toni Schumacher, ;"José Luis Félix Chilavert repasa parte de su infancia y cuenta cómo fueron sus comienzos en el fútbol. Cómo llegó a ser arquero, cuándo se probó en Olimpia y lo dejaron ir; y la anécdota previa a su debut con 15 años en Sportivo Luqueño. Además, el ídolo paraguayo recuerda cuando de chico miraba futbol alemán y revela quiénes eran sus ídolos."
1;1_1p09yrzk;true;6;15/01/2013;Chilavert, la vida del N°1 Parte 2;12, 63;8, 236, 244, 19, 11;Chilavert, Paraguay, Selección Paraguaya, Paraguay, Selección Argentina, Horacio Elizondo, Selección Colombia, ;Chilavert explica su importancia en el Seleccionado de Paraguay y cuenta sobre el cambio de mentalidad que produjo en el jugador paraguayo. La influencia de sus familiares, su idolatría en Vélez y la anécdota con el árbitro Horacio Elizondo. Además, el arquero rememora los goles más importantes de su carrera.
1;1_6atury31;true;6;15/01/2013;Chilavert, la vida del N°1 Parte 3;63, 143, 27, 154, 302, 213, 28, 200, 167;1, 8, 186 ;Paraguay, Selección Paraguaya, Fans, Grondona, Estadio Morumbí, Hobbies;Chilavert cuenta las historias más extrañas con sus fans y compara a Messi con Maradona. Su opinión sobre Grondona, su relación con Ruggeri y la rivalidad con Navarro Montoya. A su vez, el N°1 recuerda la final de la Libertadores con San Pablo y detalla algunas de sus actividades actuales.
1;1_rymn8kzb;true;6;15/01/2013;Dani Alves, el socio de Messi Parte 1;11, 154, 176, 50, 169, 81, 149, 171, 139, 250, 201;61;Brasil, ;"Dani Alves, el mejor lateral derecho del mundo, explica el porqué de su alegría y buena onda para animar los hinchas. Sus gustos músicales, su relación con Leo Messi y mucho más; en un mano a mano con el crack brasilero del Barcelona."
1;1_cjnz2g6y;true;6;15/01/2013;Dani Alves, el socio de Messi Parte 2;11, 154, 201, 81, 223, 86, 51, 177, 139, 190, 109, 132, 303, 304, 305, 306, 307, 308;186, 61;Brasil, ;"La felicidad de Dani Alves y su agradecimiento por llegar a triunfar en el fútbol, sin perder de vista sus orígenes y la relación con la gente. Su amistad con Eric Abidal y el sueño de su recuperación; y el fanatismo del lateral del Barcelona por el San Pablo, Cafú, Ronaldo, Ronaldinho y Messi."
1;1_iiavitxx;true;6;15/01/2013;Daniel Osvaldo, el goleador romano;50, 51, 177, 261, 109, 112, 150, 154, 98;1, 35, 124;Calcio, Italia, Fans;Pablo Daniel Osvaldo, delantero de la Roma, recuerda su pasado en Huracán y compara el Calcio con el fútbol argentino. Su agradecimiento al club Quemero, su paso por la Liga Española y los nervios que genera jugar con Messi. Además, el goleador habla los hinchas de la Roma y del fan italiano en general. 
1;1_j8q41rfi;true;6;15/01/2013;Dunga y su admiración por Messi;154, 86;169;Brasil, ;Carlos Dunga realiza una comparación entre el estilo del jugador sudamericano y el europeo. El ex campeón del mundo aporta también su visión sobre Messi, destacando su humildad y sencillez como persona. Además, el entrenador del Inter prioriza el lado humano de Leo por sobre su costado futbolístico.
1;1_7s2vznnu;true;6;15/01/2013;Dunga y Capello, dos grandes entrenadores;86, 154, 51;;Brasil, Italia ;Dunga y Capello, dos de los entrenadores más importantes del mundo, hacen referencia a los futbolistas más allá del campo de juego. La obligación de ser ejemplo como figuras del públicas, sin dejar de entender al jugador como una persona más.
1;1_0h86expi;true;6;15/01/2013;John Viáfara, ídolo del Once de Manizales;250, 256, 154, ;204;Colombia, Bogotá, Copa Libertadores, ;John Viáfara habla sobre Leo Messi como ejemplo a seguir, aprendiendo de su sencillez y predisposición para ayudar a los demás. A su vez, el colombiano recuerda su golazo a Boca que sirvió para ser campeón de la Libertadores con el Once Caldas.    
1;1_do8bo31s;true;6;15/01/2013;La historia de Iya Trore, el N°1 del Freestyle Fútbol;;81;Iya Traore, Francia, París, Guinea, Guinea-Conakri, Freestyle Soccer, Freestyle Fútbol, Trucos, PSG, Montmartre, Sacré Cœur, ;Iya Trore, referente mundial de Freestyle Fútbol, relata su historia de vida. Sus orígenes en Guinea, su llegada a Francia y su paso por el PSG. A su vez, el crack revela su admiración por Maradona y repasa el camino recorrido hasta llegar a convertirse en una atracción turística de París. 
1;1_mkomn16y;true;6;15/01/2013;Luciana Rubinska, la historia de una de las principales periodistas deportivas argentinas;;;Luciana Rubinska, TyC, Diego Díaz, Olé, Fútbol femenino, Periodismo Deportivo, Balneario 12, Mar del Plata, Deportea, Estudio Fútbol, Indirecto;Luciana Rubinska, periodista de TyC Sports, cuenta sus orígenes y su trayectoria en el periodismo deportivo. Su visión de la mujer dentro de un rubro tildado de machista y su manera de ver el deporte. La opinión de Diego Díaz, colega en el programa Indirecto.
1;1_2zmrqr8l;true;6;15/01/2013;Navarro Montoya y su función en los medios, Parte 1;167;60, 64;España, Periodismo Deportivo, Radio Marca, Marca TV, ;"Navarro Montoya cuenta sobre su trabajo en radio y tv de España; y a su vez aporta su opinión sobre la relación de los medios con los clubes. Apasionado por el fútbol, el Mono detalla su manera de desenvolverse como comunicador."
1;1_1dny4sr9;true;6;15/01/2013;Navarro Montoya y su función en los medios, Parte 2;167, 309, 304, 297, 310, 311 , 154;60, 61, 64;España, Periodismo Deportivo, Radio Marca, Marca TV, ;"Navarro Montoya opina sobre los porteros más destacados del mundo y reflexiona sobre la Era Guardiola en Barcelona. El Mono también habla sobre Messi y la Selección; y por último compara los hinchas españoles con los argentinos."
1;1_gav7ahnl;true;6;15/01/2013;Santiago Salcedo, un futbolista que cumplió el sueño de jugar en el club del que es hincha Parte 1;218;237, 3;Cerrista, Paraguay, Pasión Cerrista, CCP, Ciclón, Fans, Mario Jacquet, Selección Paraguaya, Cerro Corá;Santiago Salcedo, ídolo de Cerro Porteño de Paraguay, cuenta sus comienzos como jugador en el club de sus amores. Su breve paso por las inferiores cerristas, su debut en Primera y la experiencia de vestir la camiseta del equipo que es hincha.
1;1_f48oy31v;true;6;15/01/2013;Santiago Salcedo, un futbolista que cumplió el sueño de jugar en el club del que es hincha Parte 2;218;237;Cerrista, Paraguay, Pasión Cerrista, CCP, Ciclón, Fans, Mario Jacquet, Hinchada, Bandera ;Santiago Salcedo repasa sus días como hincha de Cerro Porteño y cuenta sobre la bandera que hicieron con sus amigos en 1994. Referente cerrista, expresa la emoción de volver al club que lo vio nacer y agradece la iniciativa de los hinchas para su regreso. Cómo fue ser campeón con su hermano en 2005 y la importancia de su familia.
1;1_9bsnlkd3;true;6;16/01/2013;Trailer Entrevistas -eng-;218, 230, 167, 223, 250, 256, 86, 51, 63, 11, 177, 98, 28;13, 237, 123, 1;Gastón Bergner, Champions League, Talleres CBA;"Ídolos, fans y personalidades del fútbol cuentan sus historias en primera persona. Anécdotas, opiniones y experiencias; en las propias palabras de los protagonistas. Entrevistas mano a mano, donde los personajes expresan sus vivencias y formas de pensar."
1;1_719mtigz;true;2;15/01/2013;Agustín Vulletich, su departamento y una tarde con él;255, 108, 75, 76;8;SIC, Bautista Güemes, CUBA, Rugby, Córdoba.;Agustín Vulletich abre las puertas de su departamento y cuenta algunos detalles de su vida. Después lo acompañamos a entrenar con Vélez y por último, se encuentra con un amigo rubgier que le enseña a patear a la H.
1;1_jgav2294;true;2;15/01/2013;;19, 160, 149, 143;21;Bowling, Maradona, Selección Argentina,;"Alejando Barbaro y Diego Molina, dos grandes promesas de Banfield, comparten sus experiencias de llegar a Primera mientras se desafían al bowling. Cuando eran alcaza pelotas, pasar de la tribuna a jugar en el club del que son hinchas; y las ganas de triunfar en el Taladro."
1;1_443tcwgn;true;2;15/01/2013;Amigos de Messi vs Amigos de Falcao Parte 1;154, 11, 149, 61, 192, 169, 171, 119, 73, 157, 261, 90, 177, 205, 98, 132, 139, 150, 109, 85, 239, 265, 116, 51, 50, 223;;Colombia, Bogotá, guillermo marín;En la previa del partido entre los amigos de Messi y los amigos de Falcao en Bogotá -Colombia-, los fans demuestran toda la pasión por sus ídolos. Fabio Capello y Dunga, técnicos de cada equipo, cuentan cómo viven los amistosos a beneficio. Además, Guillermo Marín -empresario organizador- explica el objetivo de la gira y la vinculación con la Fundación Leo Messi.
1;1_wf6z0u4l;true;2;15/01/2013;Amigos de Messi vs Amigos de Falcao Parte 2;223, 154, 139, 230, 11, 50, 261, 177, 176, 201, 81, 118, 98, 109, 250, 256, 119, 171, 132, 190, 51, 112, 149, 312, 90;61;Bogotá, Colombia, Giovanni Hernández, Guillermo Marín, Fundación Leo Messi, ;André Santos, Chicho Serna y Franco Zuculini explican la importancia de participar en un encuentro a beneficio con Leo Messi. El viaje en ómnibus con las estrellas, el vestuario y toda la intimidad de los amigos de Messi y Falcao en la previa del amistoso en Bogotá -Colombia-.
1;1_vh4bnsiv;true;2;15/01/2013;Amigos de Messi vs Amigos de Falcao Parte 3;223, 154, 139, 230, 11, 50, 261, 177, 176, 201, 81, 118, 98, 109, 250, 256, 119, 171, 132, 190, 51, 112, 149, 312, 90, 205, 86, 114;;Colombia, Bogotá, Giovanni Henández,;El testimonio de las estrellas del fútbol mundial, en la previa  del partido entre los amigos de Messi y los amigos de Falcao. El vestuario, la presentación, los goles y todo el color de los fans en el amistoso en Bogotá -Colombia-. 
1;1_eqy6l0td;true;2;15/01/2013;Amigos de Messi vs Resto del Mundo en Miami, Parte 1;154, 11, 149, 61, 192, 169, 171, 119, 73, 157, 261, 90, 177, 205, 98, 132, 139, 150, 109, 85, 239, 265, 116, 51, 50, 223, 228, 176, 190, 168, 181;;Miami, USA;"En la previa del amistoso entre los Amigos de Messi y el Resto del Mundo, las estrellas cuentan sus sensaciones de participar del partido a beneficio en Miami. Lo importante de jugar junto a Messi y también colaborar por una causa justa; en el testimonio de Materazzi, Drogba y Cannavaro."
1;1_sb2nksit;true;2;15/01/2013;Amigos de Messi vs Resto del Mundo en Miami, Parte 2;154, 11, 149, 61, 192, 169, 171, 119, 73, 157, 261, 90, 177, 205, 98, 132, 139, 150, 109, 85, 239, 265, 116, 51, 50, 223, 228, 176, 190, 168, 181;;Miami, USA, Jozy Altidore, Carlos Bocanegra, Fans, Sun Life;Los mejores jugadores del mundo llegan al estadio Sun Life de Miami para disputar la Batalla de las Estrellas. Además, toda la intimidad del vestuario de los Amigos de Messi y la entrada a la cancha con todo el color de los hinchas. El testimonio de Diego Milito, Luis Suárez, Clarence Seedorf y Jozy Altidore.
1;1_ulghvyqu;true;2;15/01/2013;Autos y fútbol, las naves de los jugadores;130, 104, 313, 258, ;123, 124;Audi, Ferrari, Porsche, Bently, Simon Kjaer, Simone Perrotta, Luca Castellazzi, Angelo Palombo;"Audi, Ferrari, Porsche y Bently; son algunas de las marcas que prefieren los futbolistas al momento de elegir un auto. Desde el entrenamiento de la Roma y el Inter, te mostramos las naves de Lamela, Gago, Iván Córdoba y Mauro Zárate, entre otros."
1;1_z1zpcr93;true;2;15/01/2013;Bobo Vieri, figura del Calcio y del espectáculo italiano;266, 154;123, 121;Italia, Calcio, RAI, Andrés Gil, Coliseo, Bobo Vieri, Amigos, Roma;El actor argentino Andrés Gil, ganador del concurso Bailando con las estrellas de Italia, nos presenta a su amigo Christian Vieri. Un repaso por la carrera del Bobo y un partido entre amigos.
1;1_gn9d2nlg;true;2;15/01/2013;Chiara Picone y su vida junto a Pastore en París Parte 1;183;81;París, PSG, Chiara Picone, Italia, Francia, Arco del Triunfo;"Chiara Picone, novia de Javier Pastore, cuenta cómo vive junto al ídolo en París. Mientras muestra su departamento con vista al Arco del Triunfo, repasa su llegada a Francia y explica cómo es vivir allí. La relación con los parisinos, el vínculo con la familia de Javi y mucho más; en el relato de la simpática conductora italiana. "
1;1_0r8nl7li;true;2;15/01/2013;Chiara Picone y su vida junto a Pastore en París Parte 2;183;81;París, PSG, Chiara Picone, Italia, Francia, Arco del Triunfo, Champs Elysees,;"Un paseo por las calles de París con Chiara, la novia de Javi Pastore. Cuándo se conocieron y el Flaco le dijo que se llamaba Matías; la experiencia de convivir por primera vez y la relación con la gente."
1;1_r79d9z7g;true;2;15/01/2013;Chiara Picone y su vida junto a Pastore en París Parte 3;183;81;París, PSG, Chiara Picone, Italia, Francia, Parc des Princes;Chiara Picone va a la cancha del Paris Saint Germain a ver a su novio. Además, acompañamos a la conductora en una recorrida por el estadio Parc des Princes -Parque de los Príncipes- en la previa del encuentro de Javier Pastore.
1;1_w0n3kbu5;true;2;15/01/2013;Dalma Maradona nos cuenta  que significa ser la hija de D10S;143, 116, 180;1, 19, 122;Dalma Maradona, Bombonera, Torneo Apertura 2011, Boca campeón,;"Dalma Maradona va a la Bombonera para ver a Boca campeón del Apertura 2011. Nos cuenta cuando se peleó por su papá en la cancha de River, su relación con los hinchas napolitanos; y su regreso a Italia después de 20 años. "
1;1_aom6scvo;true;2;15/01/2013;Didier Drogba, ídolo marfileño;154, 61, 149, 98, 195, 11, 228, 119, 177, 261, 90, 168, 132, 265,205, 139, 150, 109, 239, 50, 176, 190, 223;105;Shangai Shenua, Galatasaray, Costa de Marfil;Didier Drogba, figura del Galatasaray, expresa su alegría de poder compartir un amistoso con tantas estrellas. El marfileño, ídolo del Chelsea, le agradece a Messi la convocatoria y manifiesta su felicidad de poder ayudar en un partido a beneficio.
1;1_5nbjra3n;true;2;15/01/2013;El Balneario 12, el lugar del fútbol en Mar del Plata Parte 1;143, 88, 137;1, 19;Mar del Plata, Balneario 12, Augusto Digiovanni, Verano, Volley, Familia, Fans, Camisetas;Augusto Digiovanni, dueño del Balneario 12, cuenta sobre los orígenes del parador más conocido de Mar del Plata. La vinculación con el mundo del fútbol y la relación con equipos y jugadores, para transformarse en la playa más futbolera de la Argentina.
1;1_97be30dm;true;2;15/01/2013;El Balneario 12, el lugar del fútbol en Mar del Plata Parte 1 -s/s-;143, 88, 137;1, 19;Mar del Plata, Balneario 12, Augusto Digiovanni, Verano, Volley, Familia, Fans, Camisetas;Augusto Digiovanni, dueño del Balneario 12, cuenta sobre los orígenes del parador más conocido de Mar del Plata. La vinculación con el mundo del fútbol y la relación con equipos y jugadores, para transformarse en la playa más futbolera de la Argentina.
1;1_rxug6uo4;true;2;15/01/2013;El Balneario 12, el lugar del fútbol en Mar del Plata Parte 2;267, 292, 88;;Horacio Pagani, Diego Díaz, TyC, Carlos Timoteo Griguol, Martín Arévalo, Estudio Fútbol, Marcelo Palacios, Augusto Digiovanni, Cai Aimar, Balneario 12, Mar del Plata, Verano;"Distintas personalidades del fútbol argentino relatan sus experiencias en el Balneario 12 de Mar del Plata. Horacio Pagani, Diego Díaz, el Turco García, Pablo Mouche y el Cai Aimar; cuentan porqué eligen este parador cuando veranean en la costa argentina."
1;1_zoey89br;true;2;15/01/2013;El Coyo Almandoz y su pasión por las carreras de caballos;7;8;Hobby, Hipódromo, Caballos, Apuestas, San Isidro, ;El Coyo Almandoz disfruta de uno de sus hobbies, las carreras de caballos. Acompañamos al ex jugador de Vélez y actual entrenador de la reserva del Fortín, al hipódromo de San Isidro donde nos cuenta algunas de sus tácticas a la hora de apostar.
1;1_vecbrfyo;true;2;15/01/2013;El equipo de los artistas demostrando su pasión por el fútbol Parte 1;;;Roy Quiroga, Amigos, Daniel Tognetti, Martín Souto, Nicolás Pauls, Luciano Pereyra, Diego Torres, Artistas, Músicos, Periodistas, Turco Naím, Diego Balut, Fabián Zorrito Von Quintiero, Juanse Ratones Paranoicos;El equipo de los artistas, integrado en su mayoría por periodistas y músicos argentinos, muestra la pasión de los famosos por jugar al fútbol. Cómo surgió la idea y cómo se fueron organizando, en el testimonio del presidente del club, Roy Quiroga.
1;1_uvashdse;true;2;15/01/2013;El equipo de los artistas demostrando su pasión por el fútbol Parte 2;;;Fabián Zorrito Von Quintiero, Amigos, Joe Fernández, Amigos, Federico D´Elía, Martín Seefeld, Diego Maradona, Evo Morales, Turco Naím, Daniel Tognetti, Luciano Pereyra, Artistas, Músicos, Periodistas;Daniel Tognetti, periodista argentino, cuenta cómo se unió al equipo de los artistas. Además, detalla la anécdota de cuando tuvo la suerte de jugar con Maradona, enfrentando al conjunto boliviano de Evo Morales en La Paz. Después de terminar el entrenamiento, el Turco Naím -humorista y actor- comenta como fue el partido entre los famosos.
1;1_ea4u75cq;true;2;15/01/2013;El equipo de los artistas demostrando su pasión por el fútbol Parte 3;;;Fabián Zorrito Von Quintiero, Amigos, Joe Fernández, Turco Naím, Daniel Tognetti, Luciano Pereyra, Diego Díaz, Asado, Leonardo de Cecco, Ratones Paranoicos, Ataque 77, Luis Majul, Artistas, Músicos, Periodistas;Después de jugar al fútbol, el equipo de los artistas disfruta de un gran asado donde comparten varias historias. Entre risas, los músicos Joe Fernández y el Zorrito Von Quintiero, rememoran anécdotas de los primeros partidos.  
1;1_iseks9bz;true;2;15/01/2013;Esteban Andrada cocina mientras nos cuenta su historia;12;11, 61;Esteban Andrada, Cocina, Gastronomía, Mendoza, Arqueros, Selección Argentina, ;"Esteban Andrada, arquero de Lanús, cocina unos fideos con pollo mientras cuenta su historia. La decisión de dejar Mendoza en el momento más díficil de su vida, la alegría de construirle una casa a su mamá; y la importancia de su familia en su carrera."
1;1_cloev27f;true;2;15/01/2013;Ezequiel Muñoz en su Pergamino natal Parte 1;262;1, 133;Ezequiel Muñoz, Pergamino, Familia, Asado, ;Acompañamos a Ezequiel Muñoz a Pergamino -su ciudad de origen- para compartir un asado en familia. Cuando empezó a jugar como central, su paso por las selecciones juveniles y las sensaciones de sus primeros partidos en Italia. Su pasión por el fútbol y lo imporante de disfrutar su carrera, en el relato del defensor del Palermo.
1;1_vmre2uv1;true;2;15/01/2013;Ezequiel Muñoz en su Pergamino natal Parte 2;262, 220, 314;133, 1, 123, 136;Ezequiel Muñoz, Pergamino, Play Station, Amigos;Ezequiel Muñoz -defensor del Palermo de Italia- cuenta cuando en su tercer partido en el Calcio le cambió la camiseta a su ídolo, Walter Samuel. Además, un recorrido con el ex Boca de su Pergamino natal, pasando por su escuela y por la cancha donde comenzó a jugar. Para terminar el día, un fútbol con amigos y familia.
1;1_xxelswm7;true;2;15/01/2013;Federico Freire y los mellizos Desábato aprenden a hacer wakeboard;75, 76, 100;8;Wakeboard, Paseo del Tigre, Cutún Martin, Santiago Sequeiros;Los mellizos Desábato y Federico Freire -Vélez- practican wakeboard en el Tigre con Cutún Martin, campeón argentino del deporte. Pese al miedo, se animan y les va bastante bien.
1;1_f20vg9vl;true;2;15/01/2013;Fernando Carlos y el programa Fútbol para Todos;;;Fernando Carlos, TyC, Walter Queijeiro, Fox Sports, Fútbol para Todos, Vito Saravia, Chechu Bonelli, Damián Manusovich, Emiliano Pinzón, Periodismo Deportivo, Fútbol-Tenis;Fernando Carlos, reconocido periodista deportivo, nos muestra toda la intimidad del programa Fútbol para Todos de Fox Sports. El vestuario, el fútbol-tenis y el testimonio de Walter Queijeiro, Damián Manusovich y Emiliano Pinzón.
1;1_kgbnxj6k;true;2;15/01/2013;Fito Rinaudo y su vida en el Sporting Parte 1;199;26, 143;Lisboa, Portugal, Amigos, Mate, Armstrong Sta. Fe, ;Fito Rinaudo, ídolo del Sporting, relata su experiencia en la liga portuguesa y recuerda su debut con los Leones. Mientras comparte unos mates con amigos en su casa de Lisboa, el ex Gimnasia de La Plata cuenta cómo es la vida por allá.
1;1_f3m0djt0;true;2;15/01/2013;Fito Rinaudo y su vida en el Sporting Parte 2;199;26, 143;Lisboa, Portugal, Amigos, Mate, Armstrong Sta. Fe, ;"Un repaso de la carrera de Fito Rinaudo, mientras el ex volante de Gimnasia comparte unos mates con amigos. Su forma de ver el fútbol, su sueño de jugar en Primera y su manera de plantearse objetivos; para después disfrutar de la cena que prepara su madre."
1;1_f18hdlm2;true;2;15/01/2013;Fútbol por un Techo, el partido de las figuras cordobesas;183, 87, 35;10, 24;Javier Pastore, Un Techo para mi País, Solidaridad, José Meolans, Federico Lussenhoff, Piñón Fijo, Córdoba, Un Techo para mi país, Talleres de Cba., Fútbol por un Techo, Franco Vásquez, Rubén Insúa, Belgrano, Oscar Derticia, Diego Garay, Javier Collado, Héctor Baldassi, Silvio Romero, La Boutique;"La organización Un Techo para mi País y el objetivo de ayudar a la comunidad a través del deporte. En la cuarta edición de Fútbol por un Techo, reconocidos futbolistas cordobeses disputan un partido a beneficio en la cancha de Talleres. El testimonio de Pastore, el Piojo López y Lussenhoff; más la participación de Buffarini, Dybala, Piñon Fijo y Meolans."
1;0_xkusspsf;true;2;;Indoorshow, la modalidad que reune a grandes glorias del fútbol argentino Parte 1;142, 124, 191, 43, 213, 167, 7, 2;;Indoorshow, Adrián González, Diego Soñora, Raúl Pipa Estévez, Marcelo Gómez, JJ Borrelli, Gustavo Pitasi, Fernando Gamboa, Selección Argentina, Asado, Amigos, Fernando Signorini;Ex jugadores del fútbol argentino que supieron ser ídolos, se reunen en la casa de Alejandro Mancuso a entrenar para el Seleccionado Nacional de Indoorshow. Oscar Ruggeri, Raúl Estévez y José Luis Calderón, cuentan sobre la experiencia de practicar esta modalidad y explican lo importante de seguir en contacto con rivales y ex compañeros.
1;1_6z9qh9im;true;2;;Indoorshow, la modalidad que reune a grandes glorias del fútbol argentino Parte 2;142, 124, 191, 43, 213, 167, 7, 2;;Indoorshow, Raúl Pipa Estévez, JJ Borrelli,  Fernando Gamboa, Selección Argentina, Asado, Boca, Bolivia, Fernando Signorini, Malvinas Argentinas, Roberto Torrez, Limberg Gutiérrez, Roger Suárez, Escobar;Los muchachos del Seleccionado Argentino del Indoorshow se enfrentaron al equipo nacional de Bolivia y dieron un excelente espectáculo. Las sensaciones después de un nuevo partido de esta modalidad, que continúa reuniendo a grandes glorias del fútbol.
1;1_pf4vhr2q;true;2;15/01/2013;Javier Zanetti y la fundación PUPI;257;123;Italia, Calcio, Fundación Pupi, Dock Sud, Paula de la Fuente, Milan, ;Javier Zanetti, ídolo del Inter, cuenta los orígenes de la Fundación PUPI y explica su relación con los chicos. Además, su esposa Paula detalla la metodología de trabajo y relata las sensaciones de vivir hace casi 20 años en Italia. Para cerrar, el Pupi canta la canción que le dedican los interistas.
1;1_4xy04ki7;true;2;15/01/2013;Leo Millares, el tatuador de las estrellas;315, 316, 317, 4, 149;64, 100;Tatuajes, tattoos, Leo Millares, Tatuador de las Estrellas, Alejandro Sanz, Liverpool, Asado, Madrid, España;"El argentino Leo Millares, más conocido como el tatuador de las estrellas, cuenta cómo pasó a ser el preferido de los famosos en España. Radicado en Madrid, nos muestra su estudio y recuerda cuando ""pinchó"" al Kun Agüero y también a David Beckham. Su amistad con el Niño Torres y Pepe Reina; y la anécdota del asado en Liverpool."
1;1_4iway9b4;true;2;15/01/2013;Mariano Pernía y su pasión por el automovilismo Parte 1;191;15, 2;Tano Pernía, Automovilismo, TC Pista, Selección Española, Turismo Carretera, Chevrolet, Ford, ;Mariano Pernía, ex jugador de Independiente y la Selección Española, cuenta como surgió su pasión por el automovilismo. Además, el actual piloto de TC recuerda su paso por el fútbol español y su experiencia mundialista. 
1;1_y3ppcvcy;true;2;15/01/2013;Mariano Pernía y su pasión por el automovilismo Parte 2;191;15, 2;Tano Pernía, Automovilismo, TC Pista, Selección Española, Turismo Carretera, Chevrolet, Ford, Independiente, Chevy, Autódromo La Plata, ;Mariano Pernía nos muestra su Chevy en la previa del TC Pista en el Autódromo Roberto Mouras de La Plata. Todos los detalles de su auto y el testimonio de los fans de Chevrolet, mientras lo acompañamos en la carrera. ¿Le abremos traído suerte? Parece que sí.
1;1_ydfsow5w;true;2;15/01/2013;Nico Otamendi y su vida en Oporto, Parte 1;178;8, 140;Portugal, Oporto, Mates, Familia, Portugal,;"Nicolás Otamendi muestra su casa en Oporto y cuenta cómo es su vida en Portugal. Cómo sigue los partidos del Fortín por internet, su relación con ex compañeros de Vélez; y la trascendencia de jugar en el Porto. Además, mientras toma mate el defensor habla sobre su madre futbolera y también sobre su hija."
1;1_xf4yw8oa;true;2;15/01/2013;Nico Otamendi y su vida en Oporto, Parte 2;178, 318, 319;8, 140;Portugal, Oporto, Mariano González, Jorge Fucile, Asado;Mientras damos un paseo por Oporto, Otamendi detalla su relación con los sudamericanos y la costumbre de juntarse a comer asados. Por otro lado, el ex Vélez explica cómo es la liga portuguesa y repasa algunos de sus títulos con el Dragão.
1;1_rxragknm;true;2;15/01/2013;Pastore y su vida en París, Parte 1;183, 139;133, 81, 35;París, PSG, Fans, Talleres de CBA,;Todo el cariño de los fans de Javi Pastore y el recuerdo de su primer viaje a París con Talleres. El ídolo de Huracán y actual figura del PSG, cuenta cómo fueron sus primeros meses en Francia. Sus viajes y su relación con Diego Lugano, en el testimonio del Flaco.
1;1_4xkxaopu;true;2;15/01/2013;Pastore y su vida en París, Parte 2;183, 139, 168;133, 81, 35;París, PSG, Chiara Picone;Mientras paseamos en su camioneta por las calles de París, el Flaco Pastore comenta cómo son los franceses y cómo se hizo entender en sus primeros meses en Francia. Además, explica las diferencias en la manera de relacionarse dentro de los planteles europeos y argentinos. 
1;1_tg9hpumc;true;2;15/01/2013;Pastore y su vida en París, Parte 3;183;81;París, PSG, ;Javi Pastore revela su sueño de regresar al fútbol argentino para jugar primero en Huracán y luego retirarse en Talleres. El crack del PSG cuenta también cuáles son sus hobbies, habla de su familia y relata la anécdota de su primer auto. Su duelos al ping pong con sus hermanos Ariel y Juan Manuel, sus actividades en Córdoba y mucho más de la intimidad del Flaco.
1;1_zezoex5v;true;2;15/01/2013;Pipino Cuevas, su historia deportiva y actual vida en Paraguay Parte 1;68, 99, 80;19, 246;Paraguay, Selección Paraguaya, Música,;"Nelson Pipino Cuevas nos deja entrar a su casa en Luque Paragay, para contarnos sobre su llegada a River.El día que en su primera concentración cantó para todo el plantel riverplatense, su pasión por la música y los autos; y la anécdota cuando se confundió de lugar de entrenamiento y fue a Ezeiza en vez de al Estadio Monumental. "
1;1_08ffczh6;true;2;15/01/2013;Pipino Cuevas, su historia deportiva y actual vida en Paraguay Parte 2;68;19, 244, 246, 236, 237;Paraguay, Selección Paraguaya;"Nelson Pipino Cuevas cuenta como hizo para conquistar a su esposa Alicia, cuando la llamó haciendo pasar por un periodista; y cómo averiguó sobre su situación sentimental. Luego se dirige al estadio de Sportivo Luqueño, pero es parado a mitad de camino por la policía. ¿Le harán la infracción?"
1;1_ge8x50qw;true;2;15/01/2013;Pipino Cuevas, su historia deportiva y actual vida en Paraguay Parte 3;68;244, 246, 236, 237;Paraguay, Carnaval, Sport Colombia, Selección Paraguaya;Nelson Pipino Cuevas recuerda su paso por Olimpia y también cuenta sobre la importancia de los carnavales en Paraguay. Además, el delantero narra la increíble historia de cómo llegó a la Primera de Sport Colombia, luego de que lo echaran de las inferiores del club. Su práctica consagratoria y el golazo que le cambió la vida a sus 15 años.
1;1_9g2x60xz;true;2;15/01/2013;Pipino Cuevas, su historia deportiva y actual vida en Paraguay Parte 4;68;19, 1, 244, 246, 236, 237;Paraguay, Sport Colombia, Selección Paraguaya;Nelson Pipino Cuevas relata como fue debutar en la Primera de Sport Colombia con sólo 15 años y encima marcar un gol. La trascendencia de River en su carrera y el excelente recuerdo de su paso por el Millonario. El gol a Racing y un repaso de su trayectoria como futbolista.
1;1_u0ved9ei;true;1;16/01/2013;Pity Martínez y Juani Hernández, amigos y talentos de Huracán;145, 121;35, 13;Mendoza, Luján, Villarreal,;Pity Martínez y Juani Hernández, jugadores de Huracán, cuentan sus orígenes en el fútbol y hablan sobre sus familias. La experiencia de llegar a Buenos Aires siendo del interior, la gran amistad que forjaron y cómo es parte de sus vidas.
1;1_nfvfhx2j;true;2;15/01/2013;Ricky Álvarez y su vida en Italia, Parte 1;257, 10;8, 123, 136;Italia, Calcio, La Pinetina;"Ricky Álvarez nos muestra la Pinetina, el centro de entrenamiento del Inter. El ex volante de Vélez cuenta cómo se entrena y juega en Italia; y detalla las diferencias con el fútbol argentino. La idolatría por el Pupi Zanetti y mucho más sobre el Nerazurro."
1;1_pelmn1vd;true;2;15/01/2013;Ricky Álvarez y su vida en Italia, Parte 2;10, 257;61, 136, 123;Italia, Calcio, Roberto Scarpini, Inter Channel, Tifosis, Champions League, ;"Damos una recorrida por el Inter con Ricky Álvarez, mientras conocemos a Roberto Scarpini, el relator oficial del Inter Channel. Cómo son los tifosis interistas, un repaso de los últimos títulos viendo las vitrinas; y el recuerdo de la Champions 2010."
1;1_ea687ssn;true;2;15/01/2013;Ricky Álvarez y su vida en Italia, Parte 3;10, 257;123, 136;Italia, Calcio,  Tifosis, San Siro, Ambrosini, ;Acompañamos a Ricky a un partido del Inter, mientras nos cuenta sobre los hinchas interistas y la rivalidad con el Milan. Además, el ex Vélez detalla algunas anécdotas con su vecino Ambrossini, capitán y símbolo del Milan.
1;1_0k898z9d;true;2;15/01/2013;Sportitalia, el principal canal deportivo de Italia;;;Sportitalia, Italia, Calcio, Michele Criscitello, www.sportitalia.com;Todos los detalles de Sportitalia, el principal canal deportivo italiano. Michele Criscitello, periodista deportivo de la cadena, cuenta cómo trabajan transmitiendo el Calcio y también fútbol sudamericano. Una recorrida por los estudios y los controles del importante medio.
1;1_h3849ddd;true;2;16/01/2013;Trailer Estilo de Vida;183, 199, 85, 104, 51, 320, 201, 223, 50, 263, 178, 2, 266, 169, 11, 68, 10, 139, 61, 21, 153, 100, 255, 149, 262, 12, 177, 90, 205, 257, 98, 124, 142, 43, 213, 239, 132,  157, 73, 86, 36, 130;1;Dalma Maradona, Guillermo Cóppolla;Ser ídolo y todo lo que involucra. Cómo viven, sus autos y sus casas. El apoyo de sus familiares y el cariño incondicional de sus parejas e hijos. La fama, sus hobbies y la devoción de los fans. Ser un futbolista reconocido y convivir todo el tiempo con el éxito.
1;1_zwd9y641;true;1;15/01/2013;Trailer Historias;121, 145;13, 136, 61, 35, 1;Selección Argentina Sub-20, ;Para llegar a ser un ídolo hay que recorrer un largo camino. El sacrificio y la ilusión de los más jóvenes, impulsado por el objetivo de triunfar en el fútbol.
1;1_me7bo216;true;2;15/01/2013;Una cena con Guillote Cóppola, Coco Basile y Moztaza Merlo Parte 1;27, 153, 21, 213, 110;1;Guillermo Cóppola, Julio Comparada, ;Guillermo Cóppola, Coco Basile y Mostaza Merlo comparten una picada con amigos mientras recuerdan momentos del pasado. Su amistad, anécdotas y hasta el famoso jarrón de Cóppola.
1;1_d3vrmj3k;true;2;15/01/2013;Una cena con Guillote Cóppola, Coco Basile y Moztaza Merlo Parte 2;153, 21;19;Guillermo Cóppola, Graciela Borges;"Grandes amigos como Cóppola, Basile y Merlo; disfrutan de una cena y brindan por la amistad. Más historias del jarrón y otras anécdotas."
1;1_9xxx7t2p;true;2;15/01/2013;Una cena con Guillote Cóppola, Coco Basile y Moztaza Merlo Parte 3;143, 153, 21, 302, 225 ;;Guillermo Cóppola, Grondona, Cristina Fernández de Kirchner, CFK, Jorge Taiana, Guillermo Bassignani, Tiger Woods, ;"Mientras comparten la sobremesa con amigos, Cóppola y Basile recuerdan historias con grandes personalidades. El día en que la Presidenta Cristina Fernández de Kirchner fue a saludar a la Selección Argentina, cuándo Tiger Woods se negó a firmar una camiseta para Maradona; y cuando se reunieron Pelé y el Diego."
1;1_2hykxvox;true;3;14/01/2013;Benjamín Rojas, actor e hincha del Lobo, disfrutando de una jornada de fútbol;;26;Benjamín Rojas, Fox Sports, El Bosque, Fútbol para Todos, Fernando Carlos, Walter Queijeiro, Emmiliano Pinzón, Manusovich, Chechu Bonelli, Triperos, La 22, Barrio El Mondongo, Defensa y Justica, El Lobo Platense, Fans;Un día bien futbolero con el actor Benjamín Rojas. Su participación en el programa Fútbol para Todos de Fox Sports, para después acompañarlo a ver un partido de su querido Gimnasia y Esgrima La Plata.
1;1_o7azpfen;true;3;14/01/2013;Cacho Laudonio, el famoso Loco Banderita Parte 1;200, 175, 235, 226, ;1, 136;Bombonera, Cacho Laudonio, CABJ, Fans, Loco Banderita, Japón, Brasil, ;Cacho Laudonio, fan y símbolo de Boca, cuenta su historia de cómo se transformó en el Loco Banderita. Sus comienzos como control de entradas en 1965, su amor por el Xeneize y lo que significan los colores. Toda la pasión de uno de los personajes más queridos de fútbol argentino que además, deja un mensaje en contra de la violencia.
1;1_teat0bk2;true;3;14/01/2013;Cacho Laudonio, el famoso Loco Banderita Parte 2;91, 124, ;1;Cacho Laudonio, CABJ, Bombonera, Loco Banderita, Luna Park, Fans, Boxeo, ;El Loco Banderita muestra su otro costado, el de entrenador de boxeo. Su pasión por los guantes, su pasado como boxeador profesional y su asombrosa vitalidad a su edad. A su vez, el reconocido fanático de Boca explica la importancia de hacer deporte y detalla su felicidad de ayudar a los jóvenes.
1;1_dbspur6l;true;3;14/01/2013;Claudio Destéfano y su museo de Marketing Deportivo, el Templo del Otro Partido Parte 1;143, 180, 302;1;Claudio Destéfano, Museo Deportivo, Templo del otro partido, Hobby, Bombonera, Básquet, Shaquille O´neal, Magic Jonhson, Leonardo Diebold, Jorge González, Botines, Coleccionismo, Marketing Deportivo, Gastón Gaudio, Camisetas, Pelotas, Fans;Claudio Destéfano abre las puertas del Templo del Otro Partido, el primer museo de marketing deportivo del mundo. El coleccionista repasa como surgió la idea y muestra todo: camisetas, pelotas, botines, merchandising y muchas cosas más.
1;1_d89ynviy;true;3;14/01/2013;Claudio Destéfano y su museo de Marketing Deportivo, el Templo del Otro Partido Parte 2;200, 63;1, 13, 8, 265;Claudio Destéfano, Museo Deportivo, Templo del otro partido, Hobby, Figuritas, Pelotas, Botines, Bombonera, Chilavert, El Aguante, Fans, Coleccionismo,;Claudio Destéfano cuenta la historia de los botines, su casamiento en la Bombonera y el origen del marketing deportivo. Además, muestra todas las camisetas de Chilavert.
1;1_dnbicusw;true;3;15/01/2013;El Gran Diablo de Independiente;31;15;Diablo, El Gran Diablo, Avellaneda, Fans, CAI, Hinchada, Infierno Rojo.;La historia del Diablo, uno de los principales fans de Independiente de Avellaneda. Cómo creo su mítico personaje, su función en la tribuna y su pasión por el Rojo.
1;1_iw1x4krk;true;3;14/01/2013;El Madrid y sus hinchas en la Casa Blanca;154, 282, 321, 322, 323, 324;60;España, La Casa Blanca, Santiago Bernabéu, Coche Fantástico, Coche Fantástico, ;Los fans del Real Madrid cuentan cómo es ser hincha del Merengüe. En la previa de un partido en el Bernabéu, todo el sentimiento y la pasión, en el testimonio de la afición madridista en las cercanías a la Casa Blanca.
1;1_3h9an8zl;true;3;14/01/2013;El PSG y sus fans en el Parque de los Príncipes;183, 168, ;81;Fans, PSG, París, Francia, Parque de los Príncipes;Los hinchas del Paris Saint Germain expresan su pasión y detallan su sentimiento por el club. La admiración por Javier Pastore y el color de los fans parisinos, mientras los acompañarmos a vivir un partido en el Parque de los Príncipes.
1;1_arehq5xf;true;3;14/01/2013;El recuerdo de Juanito Maravillas, ídolo del Real Madrid;286, 320;60;Fans, Madrid, España, Juanito Maravilla, Vicente Temprado García, Luis Redondo, Arganda, España;"Las autoridades de Arganda del Rey y los madridistas de la peña ""Juanito Maravilla"", recuerdan con un amistoso al ídolo merengüe. Con la presencia del DT de España Vicente del Bosque -compañero y amigo de Juanito-, la selección de veteranos de Madrid y un combinado de la asociación partidaria, homenajean al ex crack del Real tras 20 años de su fallecimiento."
1;1_zoefnnek;true;3;14/01/2013;El Tano Pasman, la historia de uno de los fanáticos más grandes de River Plate;182, 225;1, 19, 10, 11, 30;JJ López, José María Aguilar, Walter Nelson, Furia, Fans, Pasión, Tano Pasman, B Nacional, Promoción, ídolo, Ignacio Copani;"El Tano Pasman repasa como fue la cámara oculta en la Promoción frente a Belgrano; y como vivió el descenso de su querido River Plate. Cuándo lo llamó Walter Nelson y cómo fue convirtirse en un famoso hincha Millonario. Su manera de vivir el fútbol, su fanatismo y toda su pasión. "
1;1_biu5ygux;true;3;15/01/2013;Inter Club Amala, el club de fans interistas;257, 157;123;Fans, Amala, Italia, Calcio, Fans Club,  ;Inter Club Amala, el principal club de Fans del Inter de Milán, muestra toda la pasión de los hinchas nerazzurris. Cómo surgió la idea, la mentalidad de los interistas y el testimonio de varios fanáticos. 
1;1_y6q2fs64;true;3;14/01/2013;La Bandera más larga del mundo es de River;;19;El Monumental, Fans, Bandera, Hinchada, La Bandera más larga del mundo, Frente Ángel Labruna, Nito Artaza, Los Millo, CARP, Carlos Trillo;Los hinchas de River disfrutan de la fiesta organizada por el Frente Ángel Labruna, con el motivo de festejar con la Bandera más larga del mundo la unión del pueblo riverplatense. Toda la pasión y el sentimiento Millonario, a lo largo de los 7.829,74 metros del trapo de la Banda.
1;1_838a4tot;true;3;14/01/2013;La barra de Cerro Porteño;;237;Cerrista, Centenario, Paraguay, Pasión Cerrista, CCP, Ciclón, 100 años, Barra, Hinchada, Bandera, Fans.;La hinchada de Cerro Porteño -Paraguay- y su aguante partido tras partido. El testimonio de los líderes de la barra cerrista y toda su organización.
1;1_20x4iv3x;true;3;14/01/2013;La despedida de la Bruja Verón;13, 93, 34, 249;7;Bruja Verón, La Plata, Mística Pincharrata, Fans, Pincha, Oscar Malbernat, ;En el último partido de la gran carrera de Juan Sebastián Verón, los hinchas de Estudiantes de La Plata le brindan todo su cariño. Todo el color de la fiesta y la pasión de los fans despidiendo al máximo ídolo del Pincha. 
1;1_bzrchc5c;true;3;14/01/2013;"La Furia Española y el Madridismo, en el ""coche fantástico"" de Luis Redondo";325, 324, 320;60;España, Renault 12, Luis Redondo, Juanito Maravilla, Fans, Rafael Nadal, Santiago Bernabéu, Coche Fantástico;"Luis Redondo, fanático de España y del Real Madrid, presenta su coche fantástico y nos cuenta su historia. Cómo surgió la idea, el objetivo de continuar con la tradición de su padre; y todos los detalles de su Renault 12 tuneado de español y madridista."
1;1_jq0c1vkf;true;3;14/01/2013;Los fans de Javier Pastore y su apoyo incondicional;183;133, 35;Fans, Aeropuerto Ezeiza,  Pastore Fans Club,  Selección Argentina;Los fans de Javi Pastore lo reciben en el aeropuerto de Ezeiza demostrando toda su pasión. La historia de Lucila y Fátima, presidentas del Fans Club del Flaco, cuentan sus comienzos y sus experiencias junto al ídolo. 
1;1_idpqwple;true;3;14/01/2013;Marcha de San Lorenzo por la vuelta a Boedo;;13;Cuervo, Ciclón, Boedo, La Vuelta a Boedo, CASLA, Hinchada, Fans, Viejo Gasómetro;Los hinchas de San Lorenzo marcharon a Plaza de Mayo para pedir por la vuelta a Boedo. Toda la pasión y el sentimiento de 100 mil hinchas cuervos.
1;1_gfyqfind;true;3;14/01/2013;Un fanático de San Lorenzo como vos…de los que dejan todo;208;13;Cuervo, Ciclón, Boedo, La Vuelta a Boedo, CASLA, Hinchada, Fans, Viejo Gasómetro, ;La historia de Mingo y su pasión por San Lorenzo. Cómo se hizo hincha del Ciclón, que locuras hizo y cómo vive un partido. El auténtico sentimiento de un verdadero fan.
1;1_7su0nmlj;true;3;16/01/2013;Trailer Fans;11, 154, 10, 139, 157, 149, 73, 85, 90, 239, 168, 183, 190, 98, 50, 192, 171, 51, 201, 61;13, 1, 60, 61, 136, 15, 123, 7, 81, 237, 35, 133;Fans, CASLA, FCB, Tano Pasman, PSG, Uruguay, El Gran Diablo, ;La pasión de los hinchas por sus clubes y el sentimiento de los fans por sus ídolos, demostrado en la fidelidad por los colores y el aguante hacia los cracks. Seguirlos a todos lados, alentarlos y acompañarlos en todo momento. Los fanáticos y su manera de vivir el fútbol. 
1;1_3depxvsj;true;3;16/01/2013;Trailer Fans -eng-;11, 154, 10, 139, 157, 149, 73, 85, 90, 239, 168, 183, 190, 98, 50, 192, 171, 51, 201, 61;13, 1, 60, 61, 136, 15, 123, 7, 81, 237, 35, 133;Fans, CASLA, FCB, Tano Pasman, PSG, Uruguay, El Gran Diablo, ;La pasión de los hinchas por sus clubes y el sentimiento de los fans por sus ídolos, demostrado en la fidelidad por los colores y el aguante hacia los cracks. Seguirlos a todos lados, alentarlos y acompañarlos en todo momento. Los fanáticos y su manera de vivir el fútbol. 
1;1_rqyt1u0z;true;5;16/01/2013;Agustín Vuletich y su manera de ejectuar tiros libres;255;222, 8,;Trucos;Agustín Vuletich -ex delantero de Vélez, ahora en Cobresal de Chile- explica su preferencia al momento de patear tiros libres. Porqué le apunta al palo del arquero y busca darle seco al balón. 
1;1_d5zs2tli;true;5;16/01/2013;Diego Díaz enseña a jugar de primera cuando se está de espaldas;;;Amigos, Diego Díaz, Artistas, Periodistas, Trucos, ;Diego Díaz, ex futbolista y desde hace tiempo periodista deportivo, explica la importancia de jugar de primera cuando se está de espaldas. Además, la ayuda del diálogo con los compañeros para lograr el objetivo de tener la pelota en equipo y no perderla con facilidad.
1;1_5nxe053n;true;5;16/01/2013;El músico Joe Fernández explica sus rústicos consejos para defensores centrales;;;Amigos, Joe Fernández, Amigos, Artistas, Músicos, Periodistas, Trucos, Defensores, Faltas, Tarjeta Roja;El músico Joe Fernández muestra tres formas de hacer una falta que le duela al rival, pero que el árbitro dude en cobrarla o no. El Coleccionista de Huesos, como lo apodan en el equipo de artistas, cuenta cual debería ser la función de todos los defensores centrales: maltratar a los habilidosos.
1;1_i511bmgq;true;5;16/01/2013;Federico Freire enseña como dormir la pelota en la frente;100;8;Trucos, ;Federico Freire, volante de Vélez, revela cuáles son las claves para dormir la pelota en la cabeza. Sus consejos para mantener el balón la mayor cantidad de tiempo posible pegado a la frente. 
1;1_35yj8o74;true;7;16/01/2013;Freire y los mellizos Desábato vs profesionales del wakeboard, desafío de pegada;100, 75, 76;8;Wakeboard, Paseo del Tigre, Cutún Martin, Santiago Sequeiros, Desafíos;Federico Freire y los mellizos Desábato -jugadores surgidos de las inferiores de Vélez- se enfrentan a Cutún Martin y Santiago Sequeiros -wakeboarders profesionales-, para ver quien logra embocar la pelota en la lancha pateando desde 25 metros. Fútbol vs wakeborad, ¿quién gana?
1;1_hy14i5cc;true;7;16/01/2013;Fútbol vs Rugby, ¿quién acierta más veces al travesaño?;255;222, 8,;Bautista Güemes, Desafíos, CUBA, Rugby, ;¿Quién le pega al travesaño? Fútbol vs Rugby. Agustín Vuletich -ex Vélez, ahora en Cobresal de Chile- vs Bautista Güemes -CUBA Rugby-.
1;1_mbhr8dz7;true;7;16/01/2013;Lucas Orban vs Cristian Lema,  desafío quién le pega más al travesaño por un asado;174;2;Cristian Lema, Desafíos, Apuestas;Lucas Orban vs Cristian Lema se desafían para ver quién le pega más veces al travesaño. Al finalizar el entrenamiento, los defensores apuestan una cena, ¿quién gana?.
1;1_qcbcekb0;true;5;16/01/2013;Gonzalo Quesada y sus consejos para patear a los palos;;;Gonzalo Quesada, Racing Metro, Los Pumas, Francia, París, Rugby, ;"Gonzalo Quesada, ex figura de los Pumas, detalla sus consejos para patear a los palos. Su trabajo en la Selección de Francia y en el Racing Metro; y su perfeccionamiento como entrenador de pateadores. Además, el ""Queso"" cuenta sobre la importancia de tener una rutina mental para automatizar movimientos."
1;1_r42689sx;true;5;16/01/2013;La gran Terre, la jugada del amigo de Fito Rinaudo;199;;Terre, Portugal, Trucos;"Terre, futbolista de la Segunda de Portugal y amigo de Fito Rinaudo, nos muestra su truco favorito. Cómo levantar la pelota y traerla por arriba de la cabeza en un solo movimiento, con la ""Gran Terre""."
1;1_b2uxwagp;true;5;16/01/2013;La magia de Iya Traore, referente mundial de freestyle Parte 1;;81;Iya Traore, Francia, París, Guinea, Guinea-Conakri, Freestyle Soccer, Freestyle Fútbol, Trucos, PSG, Montmartre, Sacré Cœur, ;Todo el repertorio del Nro. 1 del mundo en freestyle fútbol, Iya Traore. Un compilado de sus mejores trucos frente a la Basílica Sacré Cœurn -Sagrado Corazón- en París. El crack de Guinea que pasó por el PSG, demuestra todo su potencial.
1;1_yjitssyv;true;5;16/01/2013;La magia de Iya Traore, referente mundial de freestyle Parte 2;;81;Iya Traore, Francia, París, Guinea, Guinea-Conakri, Freestyle Soccer, Freestyle Fútbol, Trucos, PSG, Montmartre, Sacré Cœur, ;Iya Traore, referente mundial del fútbol freestyle, demuestra toda su capacidad realizando dos trucos increíbles. Frente a la Basílica Sacré Cœur -Sagrado Corazón- en París, el ex jugador del PSG aporta sus consejos y detalla como ensayar sus piruetas.
1;1_gli69wmj;true;5;16/01/2013;La magia de Iya Traore, referente mundial de freestyle Parte 3;;81;Iya Traore, Francia, París, Guinea, Guinea-Conakri, Freestyle Soccer, Freestyle Fútbol, Trucos, PSG, Montmartre, Sacré Cœur, ;El especialista en freestyle Iya Traore enseña un par de trucos de alta complejidad en el barrio parisino de Montmartre. El nacido en Guinea revela cuáles son las claves para hacer sus acrobacias y mantener siempre el equilibrio con la pelota. 
1;1_63d39pzr;true;5;16/01/2013;Lucas Orban, defensor de Tigre, muestra un lindo truco al hacer jueguitos;174;2;Trucos;Lucas Orban, defensor de Tigre, enseña un buen truco para el momento de hacer jueguitos con la pelota. Cómo retener el balón entre el talón y el glúteo, para después tirarlo para arriba y que caiga de nuevo en los pies.
1;1_v99rmzis;true;5;16/01/2013;Lucas Rodríguez, de los Murciélagos, explica como trasladar el balón;;;Trucos, No Videntes, Lucas Rodríguez, Ciegos, Los Murciélagos, Selección Argentina de Fútbol No Vidente;Lucas Rodríguez, una de las figuras de la Selección Argentina de Fútbol No Vidente, muestra como se traslada la pelota en su especialidad. El jugador de los Murciélagos explica los pasos para aprender a dominar el balón y da algunos consejos.
1;1_keysls5v;true;5;16/01/2013;Patricio Toranzo revela su técnica para patear tiros libres y pegarle al balón;241;16;Trucos, Cilindo de Avellaneda, ;Patricio Toranzo explica su particular técnica para ejecutar tiros libros y pegarle al balón en movimiento. El ex volante de Racing también aporta sus consejos para recepcionar mejor la pelota y tener un mayor control.
1;1_7ky5dzsd;true;5;16/01/2013;Pipino Cuevas muestra como preparar un remate con una bicicleta previa;68;246, 244;Paraguay, Trucos, Bicicleta, ;El hábil delantero Nelson Pipino Cuevas, explica como preparar un buen remate con una bicicleta previa. Con su truco busca desorientar al rival y quedar perfilado para patear al arco.
1;1_e0hk75az;true;5;16/01/2013;Román Martínez revela las claves para bajar la pelota con la nuca;146;2, 7;Román Martínez, Tigre, Estudiantes, Trucos;El talentoso volante Román Martínez enseña como dormir la pelota en la nuca. El ex jugador de Tigre actualmente en Estudiantes, muestra su truco preferido y revela el secreto para realizarlo.
1;1_95bul04z;true;5;16/01/2013;Trailer Trucos;146, 174, 68, 241, 100;;Práctica, Trucos, Gambetas, ;Los ídolos te enseñan cómo realizar sus mejores trucos, aportándote sus consejos más importantes. Todas sus habilidades, piruetas y secretos con la pelota.
1;1_xwos4v2u;true;7;16/01/2013;Trailer Versus -eng-;100, 75, 76, 100, 174, 255;2, 8;Cristian Lema, Bautista Güemes, Cutún Martin, Santiago Sequeiros, Desafíos, Versus;La diversión de competir y medirse en un desafío. Los ídolos se enfrentan entre sí y el que pierde paga la apuesta. Después del entrenamiento o en un ambiente bien informal, demuestran que no les gusta perder a nada.
1;1_ntq0g07y;true;7;16/01/2013;Trailer Versus ;100, 75, 76, 100, 174, 255;2, 8;Cristian Lema, Bautista Güemes, Cutún Martin, Santiago Sequeiros, Desafíos, Versus;La diversión de competir y medirse en un desafío. Los ídolos se enfrentan entre sí y el que pierde paga la apuesta. Después del entrenamiento o en un ambiente bien informal, demuestran que no les gusta perder a nada.
;;;;;;;;;
;;;;;;;;;
;;;;;;;;;
;;;;;;;;;
;;;;;;;;;
;;;;;;;;;
;;;;;;;;;
;;;;;;;;;
;;;;;;;;;
;;;;;;;;;
;;;;;;;;;
;;;;;;;;;
;;;;;;;;;
